sensor,scaler_mean,scaler_scale,dataset03_train_mean,dataset03_train_std,dataset03_train_max,dataset03_train_nonzero_pct,dataset04_val_max,dataset04_val_nonzero_pct,test_max,test_nonzero_pct,is_target_extreme_sensor
L_T1,2.669678,1.206252,2.6697,1.2063,4.8713,100.0,5.73,100.0,6.34,100.0,True
L_T2,3.287383,1.468682,3.2874,1.4687,5.6613,100.0,5.67,100.0,5.71,100.0,False
L_T3,4.201223,0.67889,4.2012,0.6789,5.433,100.0,5.43,100.0,5.43,100.0,True
L_T4,3.564915,0.54603,3.5649,0.546,4.6907,100.0,4.7,100.0,4.66,100.0,False
L_T5,2.748486,0.734353,2.7485,0.7344,4.1627,100.0,4.16,100.0,4.15,100.0,False
L_T6,5.369622,0.177588,5.3696,0.1776,5.5,100.0,5.5,100.0,5.5,100.0,False
L_T7,3.291289,0.833082,3.2913,0.8331,4.9996,100.0,5.0,100.0,4.98,100.0,False
F_PU1,100.971631,10.068495,100.9716,10.0685,122.7056,100.0,122.57,100.0,122.44,99.52,False
S_PU1,1.0,1.0,1.0,0.0,1.0,100.0,1.0,100.0,1.0,99.52,True
F_PU2,69.304209,42.326754,69.3042,42.3268,100.1407,72.89,99.92,73.09,99.97,70.66,False
S_PU2,0.728881,0.444537,0.7289,0.4445,1.0,72.89,1.0,73.09,1.0,70.66,False
F_PU3,0.0,1.0,0.0,0.0,0.0,0.0,0.0,0.0,119.56,2.87,True
S_PU3,0.0,1.0,0.0,0.0,0.0,0.0,0.0,0.0,1.0,2.87,True
F_PU4,14.570655,17.042414,14.5707,17.0424,38.0781,42.29,38.01,42.11,38.02,42.13,False
S_PU4,0.422945,0.494027,0.4229,0.494,1.0,42.29,1.0,42.11,1.0,42.13,False
F_PU5,0.0,1.0,0.0,0.0,0.0,0.0,0.0,0.0,0.0,0.0,False
S_PU5,0.0,1.0,0.0,0.0,0.0,0.0,0.0,0.0,0.0,0.0,False
F_PU6,0.073357,1.6398,0.0734,1.6398,37.8085,0.2,51.44,2.08,34.12,0.1,True
S_PU6,0.001998,0.044651,0.002,0.0447,1.0,0.2,1.0,2.08,1.0,0.1,True
F_PU7,41.705357,17.837714,41.7054,17.8377,51.6585,84.59,51.69,83.1,52.57,84.68,False
S_PU7,0.84589,0.361054,0.8459,0.3611,1.0,84.59,1.0,83.1,1.0,84.68,False
F_PU8,21.099975,17.416852,21.1,17.4169,39.013,59.52,45.62,59.4,39.09,59.02,False
S_PU8,0.595177,0.490858,0.5952,0.4909,1.0,59.52,1.0,59.4,1.0,59.02,False
F_PU9,0.0,1.0,0.0,0.0,0.0,0.0,0.0,0.0,0.0,0.0,False
S_PU9,0.0,1.0,0.0,0.0,0.0,0.0,0.0,0.0,0.0,0.0,False
F_PU10,25.117851,12.075939,25.1179,12.0759,33.888,81.32,37.35,80.92,33.9,80.85,False
S_PU10,0.813213,0.38974,0.8132,0.3897,1.0,81.32,1.0,80.92,1.0,80.85,False
F_PU11,0.012801,0.536985,0.0128,0.537,24.026,0.06,27.02,0.77,0.0,0.0,False
S_PU11,0.000571,0.023884,0.0006,0.0239,1.0,0.06,1.0,0.77,0.0,0.0,False
F_V2,56.478538,35.971733,56.4785,35.9717,115.4671,72.97,122.39,72.68,113.72,74.29,False
S_V2,0.729737,0.444095,0.7297,0.4441,1.0,72.97,1.0,72.68,1.0,74.58,False
P_J280,2.979795,0.00645,2.9798,0.0064,2.9913,100.0,3.0,100.0,2.99,100.0,False
P_J269,32.344572,5.567633,32.3446,5.5676,40.6343,100.0,61.88,100.0,46.09,100.0,False
P_J300,27.767746,2.742291,27.7677,2.7423,33.7638,100.0,34.26,100.0,43.13,100.0,False
P_J256,79.423281,8.465683,79.4233,8.4657,94.9613,100.0,94.87,100.0,106.22,100.0,False
P_J289,27.777936,2.721832,27.7779,2.7218,33.7638,100.0,34.26,100.0,43.13,100.0,False
P_J415,82.731481,7.526498,82.7315,7.5265,105.9518,100.0,107.95,100.0,122.93,100.0,False
P_J302,24.442334,4.42202,24.4423,4.422,36.3259,100.0,71.11,100.0,37.03,100.0,False
P_J306,74.459037,9.965608,74.459,9.9656,88.4724,100.0,95.27,100.0,88.27,100.0,False
P_J307,24.350743,4.444077,24.3507,4.4441,36.3259,100.0,71.11,100.0,37.03,100.0,False
P_J317,67.917878,5.331954,67.9179,5.332,96.1805,100.0,93.73,100.0,81.37,100.0,False
P_J14,33.745927,4.230297,33.7459,4.2303,45.3881,100.0,77.41,100.0,46.32,100.0,False
P_J422,29.454823,2.658871,29.4548,2.6589,35.1617,100.0,35.68,100.0,41.42,100.0,False
