episode_id,duration_hours,max_score,mean_score,current_documented_severity,proposed_log_severity,proposed_bounded_severity,rank_current,rank_log,rank_bounded
EP-12,53.0,11329609728.0,4336120832.0,1.1868615787509814e+20,741.9444,2423206.7628,1,1,1
EP-11,53.0,7384827904.0,3965879808.0,7.075606501449768e+19,725.9718,2423206.7628,2,2,1
EP-20,2.0,40.303,39.1751,796.3854,4.8942,796.385,3,4,3
EP-06,18.0,8.4362,5.3747,86.6409,5.3917,86.6415,4,3,4
EP-16,3.0,6.7907,5.4422,30.668,2.1192,30.6682,5,6,5
EP-18,2.0,5.3473,5.2418,20.5677,1.6232,20.5676,6,7,6
EP-21,6.0,3.957,3.6122,20.4671,2.2185,20.4668,7,5,7
EP-07,2.0,4.8696,4.8011,17.7621,1.5307,17.762,8,8,8
EP-08,3.0,3.5716,3.2974,12.4806,1.4691,12.4805,9,9,9
EP-05,1.0,3.7765,3.7765,8.5092,0.9187,8.5094,10,10,10
EP-22,1.0,3.774,3.774,8.5005,0.9183,8.5006,11,11,11
EP-17,1.0,3.7654,3.7654,8.4705,0.9169,8.4705,12,12,12
EP-19,1.0,3.6491,3.6491,8.0681,0.8973,8.068,13,13,13
EP-02,1.0,3.5484,3.5484,7.7268,0.8802,7.7268,14,14,14
EP-15,1.0,3.5019,3.5019,7.5715,0.8722,7.5715,15,15,15
EP-09,1.0,3.4676,3.4676,7.4577,0.8663,7.4579,16,16,16
EP-10,1.0,3.4223,3.4223,7.3091,0.8584,7.309,17,17,17
EP-14,1.0,3.3807,3.3807,7.1734,0.8512,7.1735,18,18,18
EP-03,1.0,3.2023,3.2023,6.6054,0.8195,6.6054,19,19,19
EP-23,1.0,3.0959,3.0959,6.2766,0.8003,6.2766,20,20,20
EP-04,1.0,3.0634,3.0634,6.1776,0.7944,6.1776,21,21,21
EP-01,1.0,3.0349,3.0349,6.0915,0.7891,6.0915,22,22,22
EP-13,1.0,3.0259,3.0259,6.0643,0.7875,6.0644,23,23,23
