seed,horizon,hidden_dim,model_label,parameters,threshold_99_8,precision,recall,f1_score,roc_auc,pr_auc,fpr,TN,FP,FN,TP,seq1_recall,seq2_recall,seq3_recall,seq4_recall,seq5_recall
42,1,79,H=1 (Cap-Matched),95001,30.5884,0.6567,0.4018,0.4986,0.8759,0.5302,0.0117,3900,46,131,88,0.6429,0.0333,0.0,0.0,0.8082
42,12,64,H=12,95236,3.0134,0.5635,0.79,0.6578,0.9685,0.6769,0.0341,3801,134,46,173,0.9286,0.65,0.5676,0.8571,0.9315
123,1,79,H=1 (Cap-Matched),95001,15.8364,0.6575,0.4384,0.526,0.8825,0.5374,0.0127,3896,50,123,96,0.6905,0.0833,0.0541,0.0,0.8219
123,12,64,H=12,95236,3.4751,0.5402,0.6438,0.5875,0.9482,0.5932,0.0305,3815,120,78,141,0.6429,0.5167,0.2162,0.8571,0.9452
2024,1,79,H=1 (Cap-Matched),95001,7.21,0.6368,0.5845,0.6095,0.8812,0.5354,0.0185,3873,73,91,128,0.8571,0.2333,0.0811,0.7143,0.9589
2024,12,64,H=12,95236,3.1995,0.5464,0.726,0.6235,0.956,0.6252,0.0335,3803,132,60,159,0.881,0.65,0.3514,0.8571,0.8767
3407,1,79,H=1 (Cap-Matched),95001,8.1564,0.6508,0.5616,0.6029,0.887,0.5423,0.0167,3880,66,96,123,0.8571,0.2167,0.0811,0.2857,0.9452
3407,12,64,H=12,95236,3.1107,0.5643,0.7215,0.6333,0.9538,0.6145,0.031,3813,122,61,158,0.881,0.5167,0.3784,0.8571,0.9589
9999,1,79,H=1 (Cap-Matched),95001,11.9915,0.6818,0.4795,0.563,0.8856,0.553,0.0124,3897,49,114,105,0.6905,0.2,0.0811,0.1429,0.8219
9999,12,64,H=12,95236,3.4172,0.6175,0.7078,0.6596,0.9571,0.6361,0.0244,3839,96,64,155,0.8571,0.6833,0.3243,0.8571,0.8219
