Metric,H1_CapMatched_Mean,H1_CapMatched_Std,H1_CapMatched_Min,H1_CapMatched_Max,H12_Mean,H12_Std,H12_Min,H12_Max,Mean_Improvement
precision,0.6567,0.0163,0.6368,0.6818,0.5664,0.0305,0.5402,0.6175,-0.0903
recall,0.4932,0.0784,0.4018,0.5845,0.7178,0.0521,0.6438,0.79,0.2247
f1_score,0.56,0.048,0.4986,0.6095,0.6323,0.0295,0.5875,0.6596,0.0723
roc_auc,0.8824,0.0043,0.8759,0.887,0.9567,0.0074,0.9482,0.9685,0.0743
pr_auc,0.5397,0.0086,0.5302,0.553,0.6292,0.031,0.5932,0.6769,0.0895
fpr,0.0144,0.003,0.0117,0.0185,0.0307,0.0038,0.0244,0.0341,0.0163
seq1_recall,0.7476,0.1018,0.6429,0.8571,0.8381,0.1122,0.6429,0.9286,0.0905
seq2_recall,0.1533,0.0893,0.0333,0.2333,0.6033,0.0803,0.5167,0.6833,0.45
seq3_recall,0.0595,0.0352,0.0,0.0811,0.3676,0.1276,0.2162,0.5676,0.3081
seq4_recall,0.2286,0.2962,0.0,0.7143,0.8571,0.0,0.8571,0.8571,0.6285
seq5_recall,0.8712,0.0742,0.8082,0.9589,0.9068,0.0568,0.8219,0.9589,0.0356
