model_H,horizon_step_h,calib_normal_error,val_normal_error,val_attack_error,seq3_attack_error,attack_to_normal_ratio,seq3_to_normal_ratio
1,1,0.8917413949966431,7.394136428833008,337.9976501464844,2.8520328998565674,45.71157875466921,0.385715481915924
3,1,0.8372103571891785,5.68987512588501,258.8119812011719,2.4634592533111572,45.486407877194296,0.43295488819685457
3,2,0.837310254573822,8.743504524230957,441.0588684082031,2.80926513671875,50.44417449335683,0.32129738432918203
3,3,0.8372094631195068,9.542102813720703,487.18292236328125,2.9451284408569336,51.056138396684815,0.3086456408262172
6,1,0.9295440912246704,6.499201774597168,323.80535888671875,2.2484307289123535,49.82232735935722,0.3459549039146682
6,2,0.9110682606697083,10.091127395629883,532.8281860351562,2.4036269187927246,52.80165085794964,0.2381921089859326
6,3,0.9526717066764832,10.705938339233398,558.8040161132812,2.8388307094573975,52.19570652144606,0.26516411890795843
6,4,0.9163079261779785,12.495659828186035,782.7555541992188,2.8887345790863037,62.64219451678427,0.231179034680385
6,5,0.8839157819747925,13.709470748901367,1037.322509765625,2.9152791500091553,75.66466481516845,0.21264709639621246
6,6,0.8934296369552612,14.276846885681152,1327.1669921875,2.892763376235962,92.95939095550415,0.202619205583205
12,1,0.9315242171287537,21.294288635253906,1143.3154296875,2.497004985809326,53.69117742011651,0.11726172343239374
12,2,0.9311108589172363,23.2603816986084,1282.6240234375,2.9188997745513916,55.14200237577424,0.12548804276376688
12,3,0.9122475385665894,22.849838256835938,1246.7452392578125,3.2646429538726807,54.56254108666178,0.14287378824081026
12,4,0.8819565773010254,15.913301467895508,1000.2675170898438,3.5217342376708984,62.85732212635278,0.22130757986096034
12,5,0.911464273929596,9.679298400878906,701.2011108398438,3.7962565422058105,72.44338185211222,0.39220368884784695
12,6,0.8996972441673279,8.217257499694824,704.6531372070312,4.041052341461182,85.75283619573472,0.49177628140453145
12,7,0.8935123085975647,16.200164794921875,1179.4423828125,4.5437116622924805,72.80434470976283,0.2804731752427621
12,8,0.8987480401992798,18.656475067138672,1368.22607421875,4.633337497711182,73.33786626688934,0.2483501025008092
12,9,0.889668345451355,20.983531951904297,1549.7266845703125,4.440155029296875,73.85442485963986,0.2116018903470587
12,10,0.9255701303482056,22.399471282958984,1398.0045166015625,4.45011043548584,62.41238903888812,0.19867033365580733
12,11,0.897740364074707,20.256200790405273,1260.338134765625,4.287723541259766,62.21986774244501,0.2116746167511323
12,12,0.8998242020606995,23.78299331665039,1256.5635986328125,4.001087188720703,52.834543632686945,0.1682331207753073
