seed,horizon,model_label,train_loss,calib_loss,parameters,num_train_windows,num_calib_windows,threshold_99_5,precision,recall,f1_score,roc_auc,pr_auc,fpr,TN,FP,FN,TP,seq1_recall,seq2_recall,seq3_recall,seq4_recall,seq5_recall
42,1,H=1,0.155811,0.145168,64491,6996,1741,5.0478,0.5556,0.6164,0.5844,0.8827,0.5508,0.0274,3838,108,84,135,0.8333,0.3,0.1081,0.7143,1.0
42,12,H=12,0.376449,0.328339,95236,6985,1730,2.6465,0.4973,0.8356,0.6235,0.9685,0.6769,0.047,3750,185,36,183,0.9524,0.7333,0.6486,0.8571,0.94521
123,1,H=1,0.159976,0.146664,64491,6996,1741,5.8446,0.5911,0.6073,0.5991,0.8771,0.535,0.0233,3854,92,86,133,0.8333,0.3333,0.0811,0.4286,0.9863
123,12,H=12,0.376859,0.321718,95236,6985,1730,2.8752,0.4763,0.7352,0.5781,0.9482,0.5932,0.045,3758,177,58,161,0.7381,0.65,0.3784,0.8571,0.9726
2024,1,H=1,0.139476,0.144002,64491,6996,1741,5.3418,0.5135,0.6073,0.5565,0.8756,0.5272,0.0319,3820,126,86,133,0.9048,0.3167,0.1081,0.5714,0.93151
2024,12,H=12,0.391051,0.326257,95236,6985,1730,2.8474,0.4716,0.758,0.5814,0.956,0.6252,0.0473,3749,186,53,166,0.9048,0.6833,0.4324,0.8571,0.89041
3407,1,H=1,0.160216,0.147507,64491,6996,1741,5.0978,0.5579,0.6164,0.5857,0.875,0.5432,0.0271,3839,107,84,135,0.881,0.2667,0.1081,0.8571,0.9863
3407,12,H=12,0.384392,0.327734,95236,6985,1730,2.7739,0.4985,0.758,0.6014,0.9538,0.6145,0.0424,3768,167,53,166,0.9048,0.5667,0.4324,0.8571,0.9863
9999,1,H=1,0.171762,0.150535,64491,6996,1741,5.5943,0.6298,0.5982,0.6136,0.8814,0.548,0.0195,3869,77,88,131,0.8333,0.3333,0.0811,0.4286,0.9589
9999,12,H=12,0.390288,0.326205,95236,6985,1730,2.6554,0.486,0.79,0.6017,0.9571,0.6361,0.0465,3752,183,46,173,0.881,0.8,0.5135,0.8571,0.86301
