Model_H,Score_Type,Threshold_99_5,Precision,Recall,F1_Score,ROC_AUC,PR_AUC,FPR,TN,FP,FN,TP,Seq1_Rec,Seq2_Rec,Seq3_Rec,Seq4_Rec,Seq5_Rec
H=1,Final Horizon,5.0478,0.5556,0.6164,0.5844,0.8827,0.5508,0.0274,3838,108,84,135,0.8333,0.3,0.1081,0.7143,1.0
H=1,Mean Horizon,5.0478,0.5556,0.6164,0.5844,0.8827,0.5508,0.0274,3838,108,84,135,0.8333,0.3,0.1081,0.7143,1.0
H=1,Step 1,5.0478,0.5556,0.6164,0.5844,0.8827,0.5508,0.0274,3838,108,84,135,0.8333,0.3,0.1081,0.7143,1.0
H=3,Final Horizon,4.1762,0.4765,0.6484,0.5493,0.8998,0.585,0.0396,3788,156,77,142,0.7857,0.5333,0.1622,0.2857,0.9452
H=3,Mean Horizon,3.7284,0.5253,0.7123,0.6047,0.9107,0.5967,0.0358,3803,141,63,156,0.9762,0.4833,0.2703,0.4286,1.0
H=3,Step 1,4.8574,0.5685,0.6256,0.5957,0.8903,0.5602,0.0264,3840,104,82,137,0.9048,0.4167,0.0811,0.4286,0.9315
H=3,Step 3,4.1762,0.4765,0.6484,0.5493,0.8998,0.585,0.0396,3788,156,77,142,0.7857,0.5333,0.1622,0.2857,0.9452
H=6,Final Horizon,3.3761,0.5099,0.7078,0.5927,0.9231,0.6372,0.0378,3792,149,64,155,0.881,0.5833,0.2703,0.1429,0.9863
H=6,Mean Horizon,3.8684,0.5184,0.7078,0.5985,0.9375,0.6228,0.0365,3797,144,64,155,1.0,0.5333,0.2162,0.0,1.0
H=6,Step 1,4.2001,0.556,0.6347,0.5928,0.8814,0.5591,0.0282,3830,111,80,139,0.9524,0.3667,0.1081,0.2857,0.9726
H=6,Step 3,3.6843,0.4722,0.6986,0.5635,0.9129,0.6018,0.0434,3770,171,66,153,0.9286,0.5833,0.1622,0.2857,0.9726
H=6,Step 6,3.3761,0.5099,0.7078,0.5927,0.9231,0.6372,0.0378,3792,149,64,155,0.881,0.5833,0.2703,0.1429,0.9863
H=12,Final Horizon,2.6465,0.4973,0.8356,0.6235,0.9685,0.6769,0.047,3750,185,36,183,0.9524,0.7333,0.6486,0.8571,0.9452
H=12,Mean Horizon,6.5907,0.5603,0.6575,0.605,0.9753,0.6628,0.0287,3822,113,75,144,1.0,0.3833,0.027,0.7143,1.0
H=12,Step 1,2.9143,0.5192,0.6804,0.5889,0.9121,0.5986,0.0351,3797,138,70,149,0.9762,0.4333,0.2162,0.4286,0.9726
H=12,Step 3,2.9299,0.5192,0.7397,0.6102,0.9257,0.6336,0.0381,3785,150,57,162,0.9048,0.5833,0.4595,0.1429,0.9726
H=12,Step 6,3.0286,0.5548,0.7626,0.6423,0.9434,0.683,0.0341,3801,134,52,167,0.881,0.6333,0.5135,0.1429,0.9863
H=12,Step 12,2.6465,0.4973,0.8356,0.6235,0.9685,0.6769,0.047,3750,185,36,183,0.9524,0.7333,0.6486,0.8571,0.9452
