model_H,score_type,sequence,tp,length,recall,delay_str
1,Final Horizon,Seq1,35,42,0.8333333333333334,0 h
1,Final Horizon,Seq2,18,60,0.3,0 h
1,Final Horizon,Seq3,4,37,0.10810810810810811,17 h
1,Final Horizon,Seq4,5,7,0.7142857142857143,1 h
1,Final Horizon,Seq5,73,73,1.0,0 h
1,Mean Horizon,Seq1,35,42,0.8333333333333334,0 h
1,Mean Horizon,Seq2,18,60,0.3,0 h
1,Mean Horizon,Seq3,4,37,0.10810810810810811,17 h
1,Mean Horizon,Seq4,5,7,0.7142857142857143,1 h
1,Mean Horizon,Seq5,73,73,1.0,0 h
1,Step 1,Seq1,35,42,0.8333333333333334,0 h
1,Step 1,Seq2,18,60,0.3,0 h
1,Step 1,Seq3,4,37,0.10810810810810811,17 h
1,Step 1,Seq4,5,7,0.7142857142857143,1 h
1,Step 1,Seq5,73,73,1.0,0 h
3,Final Horizon,Seq1,33,42,0.7857142857142857,1 h
3,Final Horizon,Seq2,32,60,0.5333333333333333,0 h
3,Final Horizon,Seq3,6,37,0.16216216216216217,1 h
3,Final Horizon,Seq4,2,7,0.2857142857142857,1 h
3,Final Horizon,Seq5,69,73,0.9452054794520548,0 h
3,Mean Horizon,Seq1,41,42,0.9761904761904762,0 h
3,Mean Horizon,Seq2,29,60,0.48333333333333334,0 h
3,Mean Horizon,Seq3,10,37,0.2702702702702703,0 h
3,Mean Horizon,Seq4,3,7,0.42857142857142855,1 h
3,Mean Horizon,Seq5,73,73,1.0,0 h
3,Step 1,Seq1,38,42,0.9047619047619048,0 h
3,Step 1,Seq2,25,60,0.4166666666666667,3 h
3,Step 1,Seq3,3,37,0.08108108108108109,17 h
3,Step 1,Seq4,3,7,0.42857142857142855,1 h
3,Step 1,Seq5,68,73,0.9315068493150684,0 h
3,Step 3,Seq1,33,42,0.7857142857142857,1 h
3,Step 3,Seq2,32,60,0.5333333333333333,0 h
3,Step 3,Seq3,6,37,0.16216216216216217,1 h
3,Step 3,Seq4,2,7,0.2857142857142857,1 h
3,Step 3,Seq5,69,73,0.9452054794520548,0 h
6,Final Horizon,Seq1,37,42,0.8809523809523809,0 h
6,Final Horizon,Seq2,35,60,0.5833333333333334,0 h
6,Final Horizon,Seq3,10,37,0.2702702702702703,3 h
6,Final Horizon,Seq4,1,7,0.14285714285714285,0 h
6,Final Horizon,Seq5,72,73,0.9863013698630136,0 h
6,Mean Horizon,Seq1,42,42,1.0,0 h
6,Mean Horizon,Seq2,32,60,0.5333333333333333,0 h
6,Mean Horizon,Seq3,8,37,0.21621621621621623,14 h
6,Mean Horizon,Seq4,0,7,0.0,not detected
6,Mean Horizon,Seq5,73,73,1.0,0 h
6,Step 1,Seq1,40,42,0.9523809523809523,0 h
6,Step 1,Seq2,22,60,0.36666666666666664,3 h
6,Step 1,Seq3,4,37,0.10810810810810811,17 h
6,Step 1,Seq4,2,7,0.2857142857142857,2 h
6,Step 1,Seq5,71,73,0.9726027397260274,0 h
6,Step 3,Seq1,39,42,0.9285714285714286,1 h
6,Step 3,Seq2,35,60,0.5833333333333334,0 h
6,Step 3,Seq3,6,37,0.16216216216216217,15 h
6,Step 3,Seq4,2,7,0.2857142857142857,1 h
6,Step 3,Seq5,71,73,0.9726027397260274,0 h
6,Step 6,Seq1,37,42,0.8809523809523809,0 h
6,Step 6,Seq2,35,60,0.5833333333333334,0 h
6,Step 6,Seq3,10,37,0.2702702702702703,3 h
6,Step 6,Seq4,1,7,0.14285714285714285,0 h
6,Step 6,Seq5,72,73,0.9863013698630136,0 h
12,Final Horizon,Seq1,40,42,0.9523809523809523,0 h
12,Final Horizon,Seq2,44,60,0.7333333333333333,0 h
12,Final Horizon,Seq3,24,37,0.6486486486486487,4 h
12,Final Horizon,Seq4,6,7,0.8571428571428571,1 h
12,Final Horizon,Seq5,69,73,0.9452054794520548,0 h
12,Mean Horizon,Seq1,42,42,1.0,0 h
12,Mean Horizon,Seq2,23,60,0.38333333333333336,26 h
12,Mean Horizon,Seq3,1,37,0.02702702702702703,20 h
12,Mean Horizon,Seq4,5,7,0.7142857142857143,2 h
12,Mean Horizon,Seq5,73,73,1.0,0 h
12,Step 1,Seq1,41,42,0.9761904761904762,0 h
12,Step 1,Seq2,26,60,0.43333333333333335,2 h
12,Step 1,Seq3,8,37,0.21621621621621623,1 h
12,Step 1,Seq4,3,7,0.42857142857142855,2 h
12,Step 1,Seq5,71,73,0.9726027397260274,0 h
12,Step 3,Seq1,38,42,0.9047619047619048,3 h
12,Step 3,Seq2,35,60,0.5833333333333334,0 h
12,Step 3,Seq3,17,37,0.4594594594594595,0 h
12,Step 3,Seq4,1,7,0.14285714285714285,6 h
12,Step 3,Seq5,71,73,0.9726027397260274,0 h
12,Step 6,Seq1,37,42,0.8809523809523809,0 h
12,Step 6,Seq2,38,60,0.6333333333333333,0 h
12,Step 6,Seq3,19,37,0.5135135135135135,2 h
12,Step 6,Seq4,1,7,0.14285714285714285,6 h
12,Step 6,Seq5,72,73,0.9863013698630136,0 h
12,Step 12,Seq1,40,42,0.9523809523809523,0 h
12,Step 12,Seq2,44,60,0.7333333333333333,0 h
12,Step 12,Seq3,24,37,0.6486486486486487,4 h
12,Step 12,Seq4,6,7,0.8571428571428571,1 h
12,Step 12,Seq5,69,73,0.9452054794520548,0 h
