timestamp,global_normalized_residual_mean,global_residual_delta,global_abs_residual_delta,roll3_mean,roll6_mean,roll12_mean,roll3_std,roll6_std,roll12_std,num_sensors_above_p99,num_sensors_persistent_p95,highest_sensor_residual,highest_sensor_name
2016-10-30T19:00:00.000000,3.666823387145996,-0.6622740626335144,1.9224555492401123,5.223485371670298,9.0701624341619,6.015679542126235,3.186278849574905,13.138533387342479,10.13374153029572,3,5,31.940519332885742,P_J280
2016-10-30T20:00:00.000000,4.980129718780518,1.313306212425232,5.083429336547852,4.325350420663445,5.3026897524100365,6.151339182396265,3.5687138066798063,5.179292671836533,10.734728351236352,5,2,39.05800247192383,F_PU2
2016-10-30T21:00:00.000000,0.6713052988052368,-4.30882453918457,4.495391845703125,3.1060862711566695,4.314869879159345,6.032915061613951,3.506987045688068,4.769856236166141,10.785132517317862,1,1,6.965932369232178,L_T1
2016-10-30T22:00:00.000000,1.3282893896102905,0.6569839715957642,1.357378363609314,2.326574797778759,3.7750300847245284,6.029451992126263,3.052088877424326,4.812914533166875,10.931735913642072,1,0,12.581178665161133,F_PU4
2016-10-30T23:00:00.000000,0.8989192247390747,-0.4293701648712158,1.1700890064239502,0.9661712045877485,2.645760812625596,5.932690557165717,0.8944232331516715,3.4832024844222227,10.96836394134014,0,0,4.68893575668335,P_J280
2016-10-31T00:00:00.000000,0.5500982403755188,-0.34882083535194397,0.6393532752990723,0.9257688608058424,2.0159275659812557,5.8007596958349845,0.7917833074115709,2.985831135000072,11.021657341722314,0,0,6.581059455871582,P_J280
2016-10-31T01:00:00.000000,1.1735813617706299,0.6234830617904663,0.859641969203949,0.874199553489731,1.6003871756342452,5.335274804898072,0.7283011192023721,2.489412132575226,11.031882076648158,0,0,7.49310302734375,P_J302
2016-10-31T02:00:00.000000,2.070136785507202,0.8965555429458618,1.673262357711792,1.264605489673945,1.1153883471308463,3.2090390497704417,1.2045246541084245,1.392490343069838,4.664132391539959,3,0,12.347949028015137,F_PU10
2016-10-31T03:00:00.000000,2.571697950363159,0.5015607476234436,1.4161268472671509,1.9384719481782922,1.4321204044920672,2.8734951418257055,1.4559074772367124,1.6321662012951275,4.155374183331798,5,2,13.780057907104492,F_PU10
2016-10-31T04:00:00.000000,1.656609296798706,-0.9150882959365845,1.7960938215255737,2.099481259117077,1.4868404063034037,2.6309352455139656,1.3936532365298289,1.4697700403206337,3.9438849893734327,0,2,7.420745849609375,P_J302
2016-10-31T05:00:00.000000,3.518829584121704,1.8622204065322876,2.967170476913452,2.582378803590825,1.9234921466323849,2.28462647962899,2.299695080953767,2.0350302364888653,3.510120234836523,2,2,16.119056701660156,P_J302
2016-10-31T06:00:00.000000,1.5911824703216553,-1.9276468753814697,3.550197124481201,2.25554047539684,2.097006211787566,2.0564668888844104,2.2258099317257107,2.1524569194911636,3.2966984943563493,1,0,8.896069526672363,L_T1
2016-10-31T07:00:00.000000,0.9372358322143555,-0.6539468169212341,1.629364013671875,2.015749334567879,2.057615296842478,1.8290012362383612,2.2549432831339624,2.1719063566739893,2.9918858251381946,0,0,5.631104946136475,P_J307
2016-10-31T08:00:00.000000,0.45808979868888855,-0.4791460633277893,0.768890917301178,0.9955027537810461,1.7889407786859353,1.4521645629083908,1.0101197481595299,2.103389654421796,2.001639230386633,0,0,2.7291789054870605,L_T1
2016-10-31T09:00:00.000000,0.4642176628112793,0.0061278813518583775,0.3757604658603668,0.6198477593812555,1.437694117389048,1.4349072609405578,0.5599835666209274,1.8359418456933538,1.971542392322541,0,0,4.469658374786377,L_T6
2016-10-31T10:00:00.000000,1.3704814910888672,0.9062638282775879,1.2785181999206543,0.7642629622024224,1.3900061483851511,1.4384232773442776,0.85464313359303,1.8695001680160614,1.870917106741952,2,0,10.990875244140625,P_J302
2016-10-31T11:00:00.000000,1.2024180889129639,-0.16806334257125854,1.2375056743621826,1.0123724064364665,1.003937580108756,1.46371486337057,0.9774360819490125,1.1785791577172366,1.880895578733293,0,0,7.317314624786377,P_J14
2016-10-31T12:00:00.000000,14.309369087219238,13.106948852539062,13.97765827178955,5.627422447410203,3.1236351033957295,2.6103206575916476,8.108791612694214,6.031592199255691,5.174173044339336,7,1,182.3494110107422,P_J14
2016-10-31T13:00:00.000000,18.710838317871094,4.40147066116333,12.387020111083984,11.40754134578575,6.085902153994087,4.071758725418283,11.738546814735491,9.677132853708107,7.671267214448148,22,2,172.9370574951172,P_J14
2016-10-31T14:00:00.000000,17.6479434967041,-1.0628935098648071,14.825246810913086,16.889383316571354,8.95087786150391,5.369909320094923,10.901469073695644,11.89072057708587,9.32852175659451,17,12,245.92588806152344,P_J14
2016-10-31T15:00:00.000000,4.396646976470947,-13.251296997070312,14.582437515258789,13.585143138259259,9.606282792834731,5.52198845511189,12.636443011185763,11.800597194461945,9.351530420336895,8,3,21.184106826782227,P_J307
2016-10-31T16:00:00.000000,2.9458506107330322,-1.4507966041564941,4.807902812957764,8.330147311348123,9.868844328566938,5.629425238476045,10.065218222838931,12.230487847461058,9.634726239253272,2,1,30.544387817382812,L_T2
2016-10-31T17:00:00.000000,1.2720335721969604,-1.6738171577453613,1.9500983953475952,2.871510545958632,9.880446931264991,5.442192255686874,2.986727080806351,12.296261852572911,9.673050655109552,2,1,20.03696060180664,L_T2
2016-10-31T18:00:00.000000,1.3773205280303955,0.10528670996427536,1.5362465381622314,1.8650682887779158,7.725105713518587,5.424370408457158,1.8341939805376126,11.365120746415739,9.762428640745208,1,2,23.8648681640625,L_T1
2016-10-31T19:00:00.000000,1.7871345281600952,0.40981417894363403,1.385120153427124,1.4788296015723523,4.904488456460237,5.4951953052271625,1.2523232047692747,7.834138452309928,9.756702978915136,2,1,14.493647575378418,L_T1
2016-10-31T20:00:00.000000,1.298153042793274,-0.488981693983078,1.2584737539291382,1.4875360093687047,2.1795232776636677,5.565200569583791,1.0499841768705003,2.648365079767409,9.736625674998386,1,2,7.477663516998291,L_T1
2016-10-31T21:00:00.000000,1.3931597471237183,0.09500671923160553,1.2562750577926636,1.4928157390896215,1.6789420139337683,5.642612403384249,1.1079482909018363,1.7491171601514268,9.715488333490454,0,2,6.967745304107666,P_J256
2016-10-31T22:00:00.000000,0.741284966468811,-0.6518746614456177,1.3231277465820312,1.1441991834316037,1.3115143925019783,5.590179360534458,1.0504108165830643,1.2928315608789895,9.752423632162776,0,0,4.586777687072754,F_PU4
2016-10-31T23:00:00.000000,0.6827574372291565,-0.05852751433849335,0.6099146008491516,0.9390673439748052,1.2133016766717546,5.546874303968375,0.8609513031090466,1.207639029397113,9.762702289589724,0,0,3.829744338989258,L_T5
2016-01-11T00:00:00.000000,1.2501575946807861,0.5674002170562744,0.9974870085716248,0.8914000069838272,1.192107873036724,4.458606793277656,0.8315254625493069,1.2165677090896787,8.557062331242076,1,0,6.644720554351807,L_T1
2016-01-11T01:00:00.000000,0.6913446187973022,-0.5588130950927734,0.6858135461807251,0.874753227947093,1.0094762056893487,2.9569823310747934,0.5944441788172388,1.105922038828257,5.870004865693944,0,0,4.940495491027832,L_T1
2016-01-11T02:00:00.000000,0.5994865298271179,-0.09185809642076492,0.5268219113349915,0.8469962490308091,0.8930317965028072,1.5362775370832382,0.5891517811886273,0.9590094461118771,2.190165597196238,1,1,7.4164204597473145,L_T1
2016-01-11T03:00:00.000000,1.8106379508972168,1.2111512422561646,1.5154801607131958,1.0338229996479724,0.9626115033158998,1.320776758624834,1.0707034617897777,1.2001433431247235,1.6764005499628558,1,1,8.274415016174316,L_T1
2016-01-11T04:00:00.000000,2.4068357944488525,0.596197783946991,2.447216749191284,1.60565333391436,1.2402032809307268,1.2758588367163528,1.6749346166871697,1.588214022850514,1.6981908320260735,3,0,13.984967231750488,P_J422
2016-01-11T05:00:00.000000,1.0561833381652832,-1.3506520986557007,2.367002010345459,1.7578856326860073,1.3024409408584081,1.2578713087650815,1.7830495010798693,1.738211203001958,1.7171706956561121,0,0,13.195744514465332,P_J14
2016-01-11T06:00:00.000000,0.4887232780456543,-0.5674600601196289,1.0055238008499146,1.3172474360976318,1.175535217872802,1.1838215454547631,1.5911309862610414,1.6135110220001396,1.6721339442707586,0,0,3.8200855255126953,L_T6
2016-01-11T07:00:00.000000,1.593306303024292,1.1045829057693481,1.4505136013031006,1.0460710141910927,1.3258621740527268,1.1676691898710374,1.1685424035243956,1.8058545637081298,1.7706866841495283,0,0,11.78073501586914,F_PU2
