sensor,type,mapped_nodes,calib_mean,calib_median,calib_std,calib_p95,calib_p99,seq3_mean,seq3_median,seq3_std,seq3_p95,seq3_max,rel_mean_ratio,rel_median_ratio,abs_mean_increase,exceedance_95,exceedance_99
L_T1,Tank Level,['T1'],0.0708075538277626,0.03395737335085869,0.09337206184864044,0.2622401714324951,0.44143348932266235,0.3491058647632599,0.21004150807857513,0.410288006067276,1.2059838771820068,1.6898139715194702,4.930347068746074,6.185444441002954,0.2782983109354973,0.43243243243243246,0.2972972972972973
L_T2,Tank Level,['T2'],0.06321258842945099,0.028666876256465912,0.09008926898241043,0.24053052067756653,0.37826383113861084,0.2115594446659088,0.03822099044919014,0.40633541345596313,1.0358725786209106,1.930789828300476,3.346792410408848,1.3332801514349772,0.14834685623645782,0.24324324324324326,0.13513513513513514
L_T3,Tank Level,['T3'],0.08939220011234283,0.037839699536561966,0.13559472560882568,0.3646507263183594,0.6258450150489807,0.17521123588085175,0.0711626410484314,0.22975121438503265,0.5676102638244629,0.9836207032203674,1.9600280120679046,1.88063391394883,0.08581903576850891,0.1891891891891892,0.05405405405405406
L_T4,Tank Level,['T4'],0.24741089344024658,0.11179457604885101,0.33528605103492737,0.9469888210296631,1.4812207221984863,0.3632780611515045,0.1667328178882599,0.43906933069229126,1.3041712045669556,1.5037678480148315,1.4683187203964176,1.4914212197664247,0.11586716771125793,0.13513513513513514,0.05405405405405406
L_T5,Tank Level,['T5'],0.12211479246616364,0.05299090966582298,0.17717164754867554,0.47187936305999756,0.8651266694068909,0.19878406822681427,0.10497439652681351,0.2093144804239273,0.657812774181366,0.8983045816421509,1.6278457992993491,1.9809883879882495,0.07666927576065063,0.10810810810810811,0.02702702702702703
L_T6,Tank Level,['T6'],0.15565626323223114,0.04790007695555687,0.30713221430778503,0.6852742433547974,1.5567997694015503,0.21916961669921875,0.0711871013045311,0.32479140162467957,0.8578982353210449,1.5247182846069336,1.4080358738399767,1.486158080894104,0.06351335346698761,0.10810810810810811,0.0
L_T7,Tank Level,['T7'],0.1948612779378891,0.09365452826023102,0.25691941380500793,0.728550374507904,1.1878044605255127,0.2912217974662781,0.15816344320774078,0.3551943302154541,1.0886565446853638,1.425794243812561,1.49450822453305,1.688796358893614,0.09636051952838898,0.13513513513513514,0.02702702702702703
F_PU1,Link Flow,"['J273', 'J285']",0.11306848376989365,0.015309453010559082,0.3325340747833252,0.5843349099159241,1.960008144378662,0.15719683468341827,0.007831484079360962,0.5533124208450317,0.36711010336875916,3.405764102935791,1.390279727289288,0.5115453150747034,0.04412835091352463,0.02702702702702703,0.02702702702702703
S_PU1,Link Status,"['J273', 'J285']",3.9210563045344315e-06,1.423430944669235e-06,1.7523401766084135e-05,1.3664345715369564e-05,2.749764098552987e-05,7.2044645094138104e-06,2.0638576643250417e-06,1.4563063814421184e-05,2.659699021023698e-05,8.41312576085329e-05,1.8327044822796197,1.4398026441387297,3.283408204879379e-06,0.10810810810810811,0.05405405405405406
F_PU2,Link Flow,"['J269', 'J280']",0.1057005524635315,0.012830609455704689,0.3373771607875824,0.562046468257904,1.8189375400543213,0.1674244999885559,0.007538215257227421,0.6904585957527161,0.42174896597862244,4.128448963165283,1.5839508900089367,0.5875176396004649,0.061723947525024414,0.05405405405405406,0.02702702702702703
S_PU2,Link Status,"['J269', 'J280']",0.1074451357126236,0.012421571649610996,0.34578996896743774,0.5779029130935669,1.823895812034607,0.15978416800498962,0.00655842712149024,0.6667758822441101,0.3707236051559448,3.9961700439453125,1.4871231915153593,0.5279864759972518,0.05233903229236603,0.05405405405405406,0.02702702702702703
F_PU3,Link Flow,"['J274', 'J276']",0.00010336250124964863,4.049063500133343e-05,0.00018643838120624423,0.0003925665223505348,0.0008605584152974188,0.00027059769490733743,6.904284236952662e-05,0.0006759488023817539,0.000992938526906073,0.004042424727231264,2.6176951475115557,1.704734811374031,0.0001672351936576888,0.16216216216216217,0.08108108108108109
S_PU3,Link Status,"['J274', 'J276']",0.00011442691902630031,4.520280708675273e-05,0.0002036421064985916,0.00045426684664562345,0.0009503377368673682,0.0003069764352403581,7.81746712164022e-05,0.0007799520972184837,0.001129650161601603,0.004658965859562159,2.6824947565200326,1.7290382140264686,0.0001925495162140578,0.16216216216216217,0.08108108108108109
F_PU4,Link Flow,"['J292', 'J299']",0.15307186543941498,0.03649871051311493,0.33932146430015564,0.804129958152771,1.870091438293457,0.21243441104888916,0.07048262655735016,0.4094103276729584,0.8930166959762573,1.9258266687393188,1.3878082465447388,1.9310985581542217,0.05936254560947418,0.05405405405405406,0.02702702702702703
S_PU4,Link Status,"['J292', 'J299']",0.14976850152015686,0.03814280405640602,0.32968127727508545,0.7338362336158752,1.8293757438659668,0.19845105707645416,0.062416285276412964,0.3768593966960907,0.7858585715293884,1.7188228368759155,1.3250519422418463,1.636383859463307,0.0486825555562973,0.05405405405405406,0.0
F_PU5,Link Flow,"['J256', 'J300']",6.212475454958621e-06,2.6551751943770796e-06,8.742388672544621e-06,2.2761070795240812e-05,4.1412895370740443e-05,1.0946687325485982e-05,3.4264867281308398e-06,2.0078252418898046e-05,3.596266469685361e-05,0.0001160881802206859,1.7592174376136251,1.2856515906946593,4.734211870527361e-06,0.10810810810810811,0.05405405405405406
S_PU5,Link Status,"['J256', 'J300']",3.122158886981197e-05,1.2991664334549569e-05,6.748305168002844e-05,0.00011504010763019323,0.00022183731198310852,7.026057573966682e-05,1.6706710084690712e-05,0.00016509021224919707,0.00018933307728730142,0.001006561447866261,2.2496638269844715,1.2849670361274945,3.903898686985485e-05,0.16216216216216217,0.02702702702702703
F_PU6,Link Flow,"['J289', 'J415']",0.32695695757865906,0.005891575012356043,11.188591957092285,0.05076136440038681,0.16004888713359833,0.023144405335187912,0.007209205534309149,0.04322931915521622,0.08452814817428589,0.23366819322109222,0.07078731340881993,1.2236444894183391,-0.30381255224347115,0.16216216216216217,0.02702702702702703
S_PU6,Link Status,"['J289', 'J415']",0.32844483852386475,0.005800588056445122,11.162023544311523,0.05031811445951462,0.15394991636276245,0.02150117978453636,0.006829942110925913,0.03993137553334236,0.07539618015289307,0.2194024920463562,0.06546359268890799,1.1774548149112096,-0.3069436587393284,0.13513513513513514,0.02702702702702703
F_PU7,Link Flow,"['J290', 'J291']",0.3279661536216736,0.011282633058726788,0.9056562781333923,1.9690871238708496,4.72767448425293,0.5070432424545288,0.015791945159435272,1.0725538730621338,2.616180896759033,5.223865985870361,1.54602303132536,1.3996671770291158,0.17907708883285522,0.10810810810810811,0.02702702702702703
S_PU7,Link Status,"['J290', 'J291']",0.3290494680404663,0.009797714650630951,0.9126760959625244,1.9835513830184937,4.772864818572998,0.5086062550544739,0.022006148472428322,1.0965086221694946,2.566575765609741,5.567211627960205,1.5456832148262085,2.2460468381310528,0.17955678701400757,0.10810810810810811,0.02702702702702703
F_PU8,Link Flow,"['J301', 'J304']",0.16740256547927856,0.032866161316633224,0.40205278992652893,0.9121842384338379,2.2207508087158203,0.4559760093688965,0.0801609680056572,1.0967886447906494,2.2226903438568115,6.096275806427002,2.7238291171054185,2.4390114453364564,0.2885734438896179,0.10810810810810811,0.05405405405405406
S_PU8,Link Status,"['J301', 'J304']",0.16617727279663086,0.03278706967830658,0.40188834071159363,0.9083297848701477,2.2295243740081787,0.39663854241371155,0.08098214119672775,0.8385085463523865,2.2334768772125244,4.066525936126709,2.3868397396960757,2.4699406592868716,0.2304612696170807,0.10810810810810811,0.05405405405405406
F_PU9,Link Flow,"['J302', 'J306']",9.12751565920189e-05,3.5616030800156295e-05,0.00016647840675432235,0.00034626349224708974,0.0007854686700738966,0.00023362661886494607,5.813149255118333e-05,0.0005871740286238492,0.0008594212122261524,0.0035139191895723343,2.5593056701331456,1.6317139811973749,0.00014235146227292717,0.16216216216216217,0.08108108108108109
S_PU9,Link Status,"['J302', 'J306']",6.730651307407243e-07,2.64222165924366e-07,1.595611934135377e-06,2.4194268917199224e-06,4.319318122725235e-06,1.3475415698849247e-06,4.845395551456022e-07,3.2089126307255356e-06,3.75859144696733e-06,1.9383725884836167e-05,1.972786355561195,1.7669598426235333,6.744764391442004e-07,0.10810810810810811,0.05405405405405406
F_PU10,Link Flow,"['J307', 'J317']",0.31481701135635376,0.023729564622044563,0.7675786018371582,1.867910385131836,3.6625866889953613,0.762894868850708,0.04302520304918289,1.3874026536941528,3.9775145053863525,5.541931629180908,2.423296127902682,1.813146831937428,0.44807785749435425,0.13513513513513514,0.08108108108108109
S_PU10,Link Status,"['J307', 'J317']",0.3183164596557617,0.023141399025917053,0.7763579487800598,1.8966575860977173,3.7105956077575684,0.6911401748657227,0.024301065132021904,1.2492481470108032,3.904235363006592,4.163743019104004,2.171235989181286,1.0501117328165326,0.37282371520996094,0.13513513513513514,0.08108108108108109
F_PU11,Link Flow,"['J309', 'J323']",0.033574968576431274,0.008643761277198792,0.13984447717666626,0.10941822826862335,0.3702542185783386,0.06281837075948715,0.014559092931449413,0.19858752191066742,0.12808659672737122,1.2347561120986938,1.870987664712434,1.6843449999486353,0.029243402183055878,0.08108108108108109,0.02702702702702703
S_PU11,Link Status,"['J309', 'J323']",0.0361911877989769,0.009190956130623817,0.14851118624210358,0.11987864226102829,0.38086965680122375,0.07168777287006378,0.015138034708797932,0.2295517474412918,0.15121038258075714,1.425410270690918,1.980806859951188,1.6470558691712283,0.035496585071086884,0.08108108108108109,0.02702702702702703
F_V2,Link Flow,"['J14', 'J422']",0.1608782261610031,0.020992303267121315,0.49923765659332275,0.8090128898620605,2.5994315147399902,0.31556329131126404,0.2809086740016937,0.3103770613670349,0.7805350422859192,1.579854130744934,1.9615039227273465,13.381501620484098,0.15468506515026093,0.05405405405405406,0.0
S_V2,Link Status,"['J14', 'J422']",0.15400242805480957,0.011658910661935806,0.501441478729248,0.8182633519172668,2.753953695297241,0.09909307211637497,0.01925286464393139,0.19873414933681488,0.5279712080955505,0.9257683753967285,0.6434513204336914,1.6513419382626378,-0.0549093559384346,0.02702702702702703,0.0
P_J280,Junction Pressure,['J280'],0.10553077608346939,0.01495907548815012,0.32313254475593567,0.5520798563957214,1.806803584098816,0.665308952331543,0.3565540611743927,0.8845928907394409,3.136570453643799,3.3707058429718018,6.304406297185335,23.83528468079402,0.5597781762480736,0.2972972972972973,0.10810810810810811
P_J269,Junction Pressure,['J269'],0.11355504393577576,0.01649567484855652,0.33189845085144043,0.5780260562896729,1.9583096504211426,0.1593126654624939,0.010438411496579647,0.5629864931106567,0.36139699816703796,3.4673001766204834,1.4029553061777211,0.632796491471106,0.04575762152671814,0.02702702702702703,0.02702702702702703
P_J300,Junction Pressure,['J300'],0.11499780416488647,0.027751147747039795,0.26209133863449097,0.4904354214668274,1.3418339490890503,0.26127108931541443,0.04531010985374451,0.588894784450531,1.2095930576324463,3.2117550373077393,2.271965699633195,1.6327286330451463,0.14627328515052795,0.10810810810810811,0.05405405405405406
P_J256,Junction Pressure,['J256'],0.17724886536598206,0.046257030218839645,0.3610612452030182,0.8189494013786316,1.838883876800537,0.24892163276672363,0.07886878401041031,0.3770812153816223,1.2384283542633057,1.6022472381591797,1.404362268887474,1.7050114671688072,0.07167276740074158,0.08108108108108109,0.0
P_J289,Junction Pressure,['J289'],0.11598782986402512,0.027133027091622353,0.2651485800743103,0.5060582756996155,1.3674877882003784,0.2637176811695099,0.047538891434669495,0.5937645435333252,1.242957592010498,3.2262074947357178,2.273666631594066,1.7520667249353994,0.14772985130548477,0.10810810810810811,0.05405405405405406
P_J415,Junction Pressure,['J415'],0.395995169878006,0.029580721631646156,1.0646108388900757,2.3800933361053467,5.849712371826172,0.49998000264167786,0.04673612862825394,1.3342361450195312,1.7340989112854004,7.964890003204346,1.262591132537791,1.5799517473142732,0.10398483276367188,0.02702702702702703,0.02702702702702703
P_J302,Junction Pressure,['J302'],0.16966398060321808,0.040384553372859955,0.34204721450805664,0.8313806056976318,1.80519700050354,2.0623207092285156,0.35628852248191833,5.2350850105285645,13.325536727905273,27.595003128051758,12.155323601055267,8.822393823907442,1.8926567286252975,0.32432432432432434,0.1891891891891892
P_J306,Junction Pressure,['J306'],0.18959014117717743,0.03980879858136177,0.43087831139564514,1.022043228149414,2.408720016479492,0.5749309062957764,0.046981967985630035,1.6339467763900757,2.252143621444702,9.751532554626465,3.03249352735885,1.1801902558728343,0.38534076511859894,0.10810810810810811,0.05405405405405406
P_J307,Junction Pressure,['J307'],0.17039071023464203,0.04052174836397171,0.3431282043457031,0.8205864429473877,1.8077577352523804,2.037365198135376,0.3510856032371521,5.154926776885986,13.081192970275879,27.23746109008789,11.957019697608864,8.66412558121628,1.866974487900734,0.32432432432432434,0.1891891891891892
P_J317,Junction Pressure,['J317'],0.423325777053833,0.0823618695139885,0.8639850616455078,2.275607109069824,4.165963649749756,0.9069573879241943,0.3027768135070801,1.4661872386932373,3.1341094970703125,7.5782856941223145,2.142457217728764,3.676176591570569,0.48363161087036133,0.10810810810810811,0.05405405405405406
P_J14,Junction Pressure,['J14'],0.16279004514217377,0.016834961250424385,0.5142199397087097,0.8528404831886292,2.636190891265869,2.885688066482544,0.0623643696308136,8.97182846069336,28.458892822265625,40.034305572509766,17.726439517219337,3.704453586711143,2.72289802134037,0.16216216216216217,0.08108108108108109
P_J422,Junction Pressure,['J422'],0.11568029969930649,0.027728969231247902,0.2808122932910919,0.47616079449653625,1.5076671838760376,0.26386815309524536,0.043943461030721664,0.6293300986289978,1.217956304550171,3.5200440883636475,2.281011814207023,1.5847486005255322,0.14818785339593887,0.08108108108108109,0.05405405405405406
